Year,Seed,Final4
1979,1,1
1979,2,1
1979,2,1
1979,9,1
1980,2,1
1980,5,1
1980,6,1
1980,8,1
1981,1,1
1981,1,1
1981,2,1
1981,3,1
1982,1,1
1982,1,1
1982,3,1
1982,6,1
1983,1,1
1983,1,1
1983,4,1
1983,6,1
1984,1,1
1984,1,1
1984,2,1
1984,7,1
1985,1,1
1985,1,1
1985,2,1
1985,8,1
1986,1,1
1986,1,1
1986,2,1
1986,11,1
1987,1,1
1987,1,1
1987,2,1
1987,6,1
1988,1,1
1988,1,1
1988,2,1
1988,6,1
1989,1,1
1989,2,1
1989,3,1
1989,3,1
1990,1,1
1990,3,1
1990,4,1
1990,4,1
1991,1,1
1991,1,1
1991,2,1
1991,3,1
1992,1,1
1992,2,1
1992,4,1
1992,6,1
1993,1,1
1993,1,1
1993,1,1
1993,2,1
1994,1,1
1994,2,1
1994,2,1
1994,3,1
1995,1,1
1995,2,1
1995,2,1
1995,4,1
1996,1,1
1996,1,1
1996,4,1
1996,5,1
1997,1,1
1997,1,1
1997,1,1
1997,4,1
1998,1,1
1998,2,1
1998,3,1
1998,3,1
1999,1,1
1999,1,1
1999,1,1
1999,4,1
2000,1,1
2000,5,1
2000,8,1
2000,8,1
2001,1,1
2001,1,1
2001,2,1
2001,3,1
2002,1,1
2002,1,1
2002,2,1
2002,5,1
2003,1,1
2003,2,1
2003,3,1
2003,3,1
2004,1,1
2004,2,1
2004,2,1
2004,3,1
2005,1,1
2005,1,1
2005,4,1
2005,5,1
2006,2,1
2006,3,1
2006,4,1
2006,11,1
2007,1,1
2007,1,1
2007,2,1
2007,2,1
2008,1,1
2008,1,1
2008,1,1
2008,1,1
2009,1,1
2009,1,1
2009,2,1
2009,3,1
2010,1,1
2010,2,1
2010,5,1
2010,5,1
2011,3,1
2011,4,1
2011,8,1
2011,11,1
2012,1,1
2012,2,1
2012,2,1
2012,4,1
2013,1,1
2013,4,1
2013,4,1
2013,9,1
2014,1,1
2014,2,1
2014,7,1
2014,8,1
2015,1,1
2015,1,1
2015,1,1
2015,7,1
2016,1,1
2016,2,1
2016,2,1
2016,10,1
2017,1,1
2017,1,1
2017,3,1
2017,7,1
1979,1,0
1979,1,0
1979,1,0
1979,2,0
1979,2,0
1979,3,0
1979,3,0
1979,3,0
1979,3,0
1979,4,0
1979,4,0
1979,4,0
1979,4,0
1979,5,0
1979,5,0
1979,5,0
1979,5,0
1979,6,0
1979,6,0
1979,6,0
1979,6,0
1979,7,0
1979,7,0
1979,7,0
1979,7,0
1979,8,0
1979,8,0
1979,8,0
1979,8,0
1979,9,0
1979,9,0
1979,9,0
1979,10,0
1979,10,0
1979,10,0
1979,10,0
1979,11,0
1979,11,0
1979,11,0
1979,11,0
1979,12,0
1979,12,0
1979,12,0
1979,12,0
1979,13,0
1979,13,0
1979,13,0
1979,13,0
1979,14,0
1979,14,0
1979,14,0
1979,14,0
1979,15,0
1979,15,0
1979,15,0
1979,15,0
1979,16,0
1979,16,0
1979,16,0
1979,16,0
1980,1,0
1980,1,0
1980,1,0
1980,1,0
1980,2,0
1980,2,0
1980,2,0
1980,3,0
1980,3,0
1980,3,0
1980,3,0
1980,4,0
1980,4,0
1980,4,0
1980,4,0
1980,5,0
1980,5,0
1980,5,0
1980,6,0
1980,6,0
1980,6,0
1980,7,0
1980,7,0
1980,7,0
1980,7,0
1980,8,0
1980,8,0
1980,8,0
1980,9,0
1980,9,0
1980,9,0
1980,9,0
1980,10,0
1980,10,0
1980,10,0
1980,10,0
1980,11,0
1980,11,0
1980,11,0
1980,11,0
1980,12,0
1980,12,0
1980,12,0
1980,12,0
1980,13,0
1980,13,0
1980,13,0
1980,13,0
1980,14,0
1980,14,0
1980,14,0
1980,14,0
1980,15,0
1980,15,0
1980,15,0
1980,15,0
1980,16,0
1980,16,0
1980,16,0
1980,16,0
1981,1,0
1981,1,0
1981,2,0
1981,2,0
1981,2,0
1981,3,0
1981,3,0
1981,3,0
1981,4,0
1981,4,0
1981,4,0
1981,4,0
1981,5,0
1981,5,0
1981,5,0
1981,5,0
1981,6,0
1981,6,0
1981,6,0
1981,6,0
1981,7,0
1981,7,0
1981,7,0
1981,7,0
1981,8,0
1981,8,0
1981,8,0
1981,8,0
1981,9,0
1981,9,0
1981,9,0
1981,9,0
1981,10,0
1981,10,0
1981,10,0
1981,10,0
1981,11,0
1981,11,0
1981,11,0
1981,11,0
1981,12,0
1981,12,0
1981,12,0
1981,12,0
1981,13,0
1981,13,0
1981,13,0
1981,13,0
1981,14,0
1981,14,0
1981,14,0
1981,14,0
1981,15,0
1981,15,0
1981,15,0
1981,15,0
1981,16,0
1981,16,0
1981,16,0
1981,16,0
1982,1,0
1982,1,0
1982,2,0
1982,2,0
1982,2,0
1982,2,0
1982,3,0
1982,3,0
1982,3,0
1982,4,0
1982,4,0
1982,4,0
1982,4,0
1982,5,0
1982,5,0
1982,5,0
1982,5,0
1982,6,0
1982,6,0
1982,6,0
1982,7,0
1982,7,0
1982,7,0
1982,7,0
1982,8,0
1982,8,0
1982,8,0
1982,8,0
1982,9,0
1982,9,0
1982,9,0
1982,9,0
1982,10,0
1982,10,0
1982,10,0
1982,10,0
1982,11,0
1982,11,0
1982,11,0
1982,11,0
1982,12,0
1982,12,0
1982,12,0
1982,12,0
1982,13,0
1982,13,0
1982,13,0
1982,13,0
1982,14,0
1982,14,0
1982,14,0
1982,14,0
1982,15,0
1982,15,0
1982,15,0
1982,15,0
1982,16,0
1982,16,0
1982,16,0
1982,16,0
1983,1,0
1983,1,0
1983,2,0
1983,2,0
1983,2,0
1983,2,0
1983,3,0
1983,3,0
1983,3,0
1983,3,0
1983,4,0
1983,4,0
1983,4,0
1983,5,0
1983,5,0
1983,5,0
1983,5,0
1983,6,0
1983,6,0
1983,6,0
1983,7,0
1983,7,0
1983,7,0
1983,7,0
1983,8,0
1983,8,0
1983,8,0
1983,8,0
1983,9,0
1983,9,0
1983,9,0
1983,9,0
1983,10,0
1983,10,0
1983,10,0
1983,10,0
1983,11,0
1983,11,0
1983,11,0
1983,11,0
1983,12,0
1983,12,0
1983,12,0
1983,12,0
1983,13,0
1983,13,0
1983,13,0
1983,13,0
1983,14,0
1983,14,0
1983,14,0
1983,14,0
1983,15,0
1983,15,0
1983,15,0
1983,15,0
1983,16,0
1983,16,0
1983,16,0
1983,16,0
1984,1,0
1984,1,0
1984,2,0
1984,2,0
1984,2,0
1984,3,0
1984,3,0
1984,3,0
1984,3,0
1984,4,0
1984,4,0
1984,4,0
1984,4,0
1984,5,0
1984,5,0
1984,5,0
1984,5,0
1984,6,0
1984,6,0
1984,6,0
1984,6,0
1984,7,0
1984,7,0
1984,7,0
1984,8,0
1984,8,0
1984,8,0
1984,8,0
1984,9,0
1984,9,0
1984,9,0
1984,9,0
1984,10,0
1984,10,0
1984,10,0
1984,10,0
1984,11,0
1984,11,0
1984,11,0
1984,11,0
1984,12,0
1984,12,0
1984,12,0
1984,12,0
1984,13,0
1984,13,0
1984,13,0
1984,13,0
1984,14,0
1984,14,0
1984,14,0
1984,14,0
1984,15,0
1984,15,0
1984,15,0
1984,15,0
1984,16,0
1984,16,0
1984,16,0
1984,16,0
1985,1,0
1985,1,0
1985,2,0
1985,2,0
1985,2,0
1985,3,0
1985,3,0
1985,3,0
1985,3,0
1985,4,0
1985,4,0
1985,4,0
1985,4,0
1985,5,0
1985,5,0
1985,5,0
1985,5,0
1985,6,0
1985,6,0
1985,6,0
1985,6,0
1985,7,0
1985,7,0
1985,7,0
1985,7,0
1985,8,0
1985,8,0
1985,8,0
1985,9,0
1985,9,0
1985,9,0
1985,9,0
1985,10,0
1985,10,0
1985,10,0
1985,10,0
1985,11,0
1985,11,0
1985,11,0
1985,11,0
1985,12,0
1985,12,0
1985,12,0
1985,12,0
1985,13,0
1985,13,0
1985,13,0
1985,13,0
1985,14,0
1985,14,0
1985,14,0
1985,14,0
1985,15,0
1985,15,0
1985,15,0
1985,15,0
1985,16,0
1985,16,0
1985,16,0
1985,16,0
1986,1,0
1986,1,0
1986,2,0
1986,2,0
1986,2,0
1986,3,0
1986,3,0
1986,3,0
1986,3,0
1986,4,0
1986,4,0
1986,4,0
1986,4,0
1986,5,0
1986,5,0
1986,5,0
1986,5,0
1986,6,0
1986,6,0
1986,6,0
1986,6,0
1986,7,0
1986,7,0
1986,7,0
1986,7,0
1986,8,0
1986,8,0
1986,8,0
1986,8,0
1986,9,0
1986,9,0
1986,9,0
1986,9,0
1986,10,0
1986,10,0
1986,10,0
1986,10,0
1986,11,0
1986,11,0
1986,11,0
1986,12,0
1986,12,0
1986,12,0
1986,12,0
1986,13,0
1986,13,0
1986,13,0
1986,13,0
1986,14,0
1986,14,0
1986,14,0
1986,14,0
1986,15,0
1986,15,0
1986,15,0
1986,15,0
1986,16,0
1986,16,0
1986,16,0
1986,16,0
1987,1,0
1987,1,0
1987,2,0
1987,2,0
1987,2,0
1987,3,0
1987,3,0
1987,3,0
1987,3,0
1987,4,0
1987,4,0
1987,4,0
1987,4,0
1987,5,0
1987,5,0
1987,5,0
1987,5,0
1987,6,0
1987,6,0
1987,6,0
1987,7,0
1987,7,0
1987,7,0
1987,7,0
1987,8,0
1987,8,0
1987,8,0
1987,8,0
1987,9,0
1987,9,0
1987,9,0
1987,9,0
1987,10,0
1987,10,0
1987,10,0
1987,10,0
1987,11,0
1987,11,0
1987,11,0
1987,11,0
1987,12,0
1987,12,0
1987,12,0
1987,12,0
1987,13,0
1987,13,0
1987,13,0
1987,13,0
1987,14,0
1987,14,0
1987,14,0
1987,14,0
1987,15,0
1987,15,0
1987,15,0
1987,15,0
1987,16,0
1987,16,0
1987,16,0
1987,16,0
1988,1,0
1988,1,0
1988,2,0
1988,2,0
1988,2,0
1988,3,0
1988,3,0
1988,3,0
1988,3,0
1988,4,0
1988,4,0
1988,4,0
1988,4,0
1988,5,0
1988,5,0
1988,5,0
1988,5,0
1988,6,0
1988,6,0
1988,6,0
1988,7,0
1988,7,0
1988,7,0
1988,7,0
1988,8,0
1988,8,0
1988,8,0
1988,8,0
1988,9,0
1988,9,0
1988,9,0
1988,9,0
1988,10,0
1988,10,0
1988,10,0
1988,10,0
1988,11,0
1988,11,0
1988,11,0
1988,11,0
1988,12,0
1988,12,0
1988,12,0
1988,12,0
1988,13,0
1988,13,0
1988,13,0
1988,13,0
1988,14,0
1988,14,0
1988,14,0
1988,14,0
1988,15,0
1988,15,0
1988,15,0
1988,15,0
1988,16,0
1988,16,0
1988,16,0
1988,16,0
1989,1,0
1989,1,0
1989,1,0
1989,2,0
1989,2,0
1989,2,0
1989,3,0
1989,3,0
1989,4,0
1989,4,0
1989,4,0
1989,4,0
1989,5,0
1989,5,0
1989,5,0
1989,5,0
1989,6,0
1989,6,0
1989,6,0
1989,6,0
1989,7,0
1989,7,0
1989,7,0
1989,7,0
1989,8,0
1989,8,0
1989,8,0
1989,8,0
1989,9,0
1989,9,0
1989,9,0
1989,9,0
1989,10,0
1989,10,0
1989,10,0
1989,10,0
1989,11,0
1989,11,0
1989,11,0
1989,11,0
1989,12,0
1989,12,0
1989,12,0
1989,12,0
1989,13,0
1989,13,0
1989,13,0
1989,13,0
1989,14,0
1989,14,0
1989,14,0
1989,14,0
1989,15,0
1989,15,0
1989,15,0
1989,15,0
1989,16,0
1989,16,0
1989,16,0
1989,16,0
1990,1,0
1990,1,0
1990,1,0
1990,2,0
1990,2,0
1990,2,0
1990,2,0
1990,3,0
1990,3,0
1990,3,0
1990,4,0
1990,4,0
1990,5,0
1990,5,0
1990,5,0
1990,5,0
1990,6,0
1990,6,0
1990,6,0
1990,6,0
1990,7,0
1990,7,0
1990,7,0
1990,7,0
1990,8,0
1990,8,0
1990,8,0
1990,8,0
1990,9,0
1990,9,0
1990,9,0
1990,9,0
1990,10,0
1990,10,0
1990,10,0
1990,10,0
1990,11,0
1990,11,0
1990,11,0
1990,11,0
1990,12,0
1990,12,0
1990,12,0
1990,12,0
1990,13,0
1990,13,0
1990,13,0
1990,13,0
1990,14,0
1990,14,0
1990,14,0
1990,14,0
1990,15,0
1990,15,0
1990,15,0
1990,15,0
1990,16,0
1990,16,0
1990,16,0
1990,16,0
1991,1,0
1991,1,0
1991,2,0
1991,2,0
1991,2,0
1991,3,0
1991,3,0
1991,3,0
1991,4,0
1991,4,0
1991,4,0
1991,4,0
1991,5,0
1991,5,0
1991,5,0
1991,5,0
1991,6,0
1991,6,0
1991,6,0
1991,6,0
1991,7,0
1991,7,0
1991,7,0
1991,7,0
1991,8,0
1991,8,0
1991,8,0
1991,8,0
1991,9,0
1991,9,0
1991,9,0
1991,9,0
1991,10,0
1991,10,0
1991,10,0
1991,10,0
1991,11,0
1991,11,0
1991,11,0
1991,11,0
1991,12,0
1991,12,0
1991,12,0
1991,12,0
1991,13,0
1991,13,0
1991,13,0
1991,13,0
1991,14,0
1991,14,0
1991,14,0
1991,14,0
1991,15,0
1991,15,0
1991,15,0
1991,15,0
1991,16,0
1991,16,0
1991,16,0
1991,16,0
1992,1,0
1992,1,0
1992,1,0
1992,2,0
1992,2,0
1992,2,0
1992,3,0
1992,3,0
1992,3,0
1992,3,0
1992,4,0
1992,4,0
1992,4,0
1992,5,0
1992,5,0
1992,5,0
1992,5,0
1992,6,0
1992,6,0
1992,6,0
1992,7,0
1992,7,0
1992,7,0
1992,7,0
1992,8,0
1992,8,0
1992,8,0
1992,8,0
1992,9,0
1992,9,0
1992,9,0
1992,9,0
1992,10,0
1992,10,0
1992,10,0
1992,10,0
1992,11,0
1992,11,0
1992,11,0
1992,11,0
1992,12,0
1992,12,0
1992,12,0
1992,12,0
1992,13,0
1992,13,0
1992,13,0
1992,13,0
1992,14,0
1992,14,0
1992,14,0
1992,14,0
1992,15,0
1992,15,0
1992,15,0
1992,15,0
1992,16,0
1992,16,0
1992,16,0
1992,16,0
1993,1,0
1993,2,0
1993,2,0
1993,2,0
1993,3,0
1993,3,0
1993,3,0
1993,3,0
1993,4,0
1993,4,0
1993,4,0
1993,4,0
1993,5,0
1993,5,0
1993,5,0
1993,5,0
1993,6,0
1993,6,0
1993,6,0
1993,6,0
1993,7,0
1993,7,0
1993,7,0
1993,7,0
1993,8,0
1993,8,0
1993,8,0
1993,8,0
1993,9,0
1993,9,0
1993,9,0
1993,9,0
1993,10,0
1993,10,0
1993,10,0
1993,10,0
1993,11,0
1993,11,0
1993,11,0
1993,11,0
1993,12,0
1993,12,0
1993,12,0
1993,12,0
1993,13,0
1993,13,0
1993,13,0
1993,13,0
1993,14,0
1993,14,0
1993,14,0
1993,14,0
1993,15,0
1993,15,0
1993,15,0
1993,15,0
1993,16,0
1993,16,0
1993,16,0
1993,16,0
1994,1,0
1994,1,0
1994,1,0
1994,2,0
1994,2,0
1994,3,0
1994,3,0
1994,3,0
1994,4,0
1994,4,0
1994,4,0
1994,4,0
1994,5,0
1994,5,0
1994,5,0
1994,5,0
1994,6,0
1994,6,0
1994,6,0
1994,6,0
1994,7,0
1994,7,0
1994,7,0
1994,7,0
1994,8,0
1994,8,0
1994,8,0
1994,8,0
1994,9,0
1994,9,0
1994,9,0
1994,9,0
1994,10,0
1994,10,0
1994,10,0
1994,10,0
1994,11,0
1994,11,0
1994,11,0
1994,11,0
1994,12,0
1994,12,0
1994,12,0
1994,12,0
1994,13,0
1994,13,0
1994,13,0
1994,13,0
1994,14,0
1994,14,0
1994,14,0
1994,14,0
1994,15,0
1994,15,0
1994,15,0
1994,15,0
1994,16,0
1994,16,0
1994,16,0
1994,16,0
1995,1,0
1995,1,0
1995,1,0
1995,2,0
1995,2,0
1995,3,0
1995,3,0
1995,3,0
1995,3,0
1995,4,0
1995,4,0
1995,4,0
1995,5,0
1995,5,0
1995,5,0
1995,5,0
1995,6,0
1995,6,0
1995,6,0
1995,6,0
1995,7,0
1995,7,0
1995,7,0
1995,7,0
1995,8,0
1995,8,0
1995,8,0
1995,8,0
1995,9,0
1995,9,0
1995,9,0
1995,9,0
1995,10,0
1995,10,0
1995,10,0
1995,10,0
1995,11,0
1995,11,0
1995,11,0
1995,11,0
1995,12,0
1995,12,0
1995,12,0
1995,12,0
1995,13,0
1995,13,0
1995,13,0
1995,13,0
1995,14,0
1995,14,0
1995,14,0
1995,14,0
1995,15,0
1995,15,0
1995,15,0
1995,15,0
1995,16,0
1995,16,0
1995,16,0
1995,16,0
1996,1,0
1996,1,0
1996,2,0
1996,2,0
1996,2,0
1996,2,0
1996,3,0
1996,3,0
1996,3,0
1996,3,0
1996,4,0
1996,4,0
1996,4,0
1996,5,0
1996,5,0
1996,5,0
1996,6,0
1996,6,0
1996,6,0
1996,6,0
1996,7,0
1996,7,0
1996,7,0
1996,7,0
1996,8,0
1996,8,0
1996,8,0
1996,8,0
1996,9,0
1996,9,0
1996,9,0
1996,9,0
1996,10,0
1996,10,0
1996,10,0
1996,10,0
1996,11,0
1996,11,0
1996,11,0
1996,11,0
1996,12,0
1996,12,0
1996,12,0
1996,12,0
1996,13,0
1996,13,0
1996,13,0
1996,13,0
1996,14,0
1996,14,0
1996,14,0
1996,14,0
1996,15,0
1996,15,0
1996,15,0
1996,15,0
1996,16,0
1996,16,0
1996,16,0
1996,16,0
1997,1,0
1997,2,0
1997,2,0
1997,2,0
1997,2,0
1997,3,0
1997,3,0
1997,3,0
1997,3,0
1997,4,0
1997,4,0
1997,4,0
1997,5,0
1997,5,0
1997,5,0
1997,5,0
1997,6,0
1997,6,0
1997,6,0
1997,6,0
1997,7,0
1997,7,0
1997,7,0
1997,7,0
1997,8,0
1997,8,0
1997,8,0
1997,8,0
1997,9,0
1997,9,0
1997,9,0
1997,9,0
1997,10,0
1997,10,0
1997,10,0
1997,10,0
1997,11,0
1997,11,0
1997,11,0
1997,11,0
1997,12,0
1997,12,0
1997,12,0
1997,12,0
1997,13,0
1997,13,0
1997,13,0
1997,13,0
1997,14,0
1997,14,0
1997,14,0
1997,14,0
1997,15,0
1997,15,0
1997,15,0
1997,15,0
1997,16,0
1997,16,0
1997,16,0
1997,16,0
1998,1,0
1998,1,0
1998,1,0
1998,2,0
1998,2,0
1998,2,0
1998,3,0
1998,3,0
1998,4,0
1998,4,0
1998,4,0
1998,4,0
1998,5,0
1998,5,0
1998,5,0
1998,5,0
1998,6,0
1998,6,0
1998,6,0
1998,6,0
1998,7,0
1998,7,0
1998,7,0
1998,7,0
1998,8,0
1998,8,0
1998,8,0
1998,8,0
1998,9,0
1998,9,0
1998,9,0
1998,9,0
1998,10,0
1998,10,0
1998,10,0
1998,10,0
1998,11,0
1998,11,0
1998,11,0
1998,11,0
1998,12,0
1998,12,0
1998,12,0
1998,12,0
1998,13,0
1998,13,0
1998,13,0
1998,13,0
1998,14,0
1998,14,0
1998,14,0
1998,14,0
1998,15,0
1998,15,0
1998,15,0
1998,15,0
1998,16,0
1998,16,0
1998,16,0
1998,16,0
1999,1,0
1999,2,0
1999,2,0
1999,2,0
1999,2,0
1999,3,0
1999,3,0
1999,3,0
1999,3,0
1999,4,0
1999,4,0
1999,4,0
1999,5,0
1999,5,0
1999,5,0
1999,5,0
1999,6,0
1999,6,0
1999,6,0
1999,6,0
1999,7,0
1999,7,0
1999,7,0
1999,7,0
1999,8,0
1999,8,0
1999,8,0
1999,8,0
1999,9,0
1999,9,0
1999,9,0
1999,9,0
1999,10,0
1999,10,0
1999,10,0
1999,10,0
1999,11,0
1999,11,0
1999,11,0
1999,11,0
1999,12,0
1999,12,0
1999,12,0
1999,12,0
1999,13,0
1999,13,0
1999,13,0
1999,13,0
1999,14,0
1999,14,0
1999,14,0
1999,14,0
1999,15,0
1999,15,0
1999,15,0
1999,15,0
1999,16,0
1999,16,0
1999,16,0
1999,16,0
2000,1,0
2000,1,0
2000,1,0
2000,2,0
2000,2,0
2000,2,0
2000,2,0
2000,3,0
2000,3,0
2000,3,0
2000,3,0
2000,4,0
2000,4,0
2000,4,0
2000,4,0
2000,5,0
2000,5,0
2000,5,0
2000,6,0
2000,6,0
2000,6,0
2000,6,0
2000,7,0
2000,7,0
2000,7,0
2000,7,0
2000,8,0
2000,8,0
2000,9,0
2000,9,0
2000,9,0
2000,9,0
2000,10,0
2000,10,0
2000,10,0
2000,10,0
2000,11,0
2000,11,0
2000,11,0
2000,11,0
2000,12,0
2000,12,0
2000,12,0
2000,12,0
2000,13,0
2000,13,0
2000,13,0
2000,13,0
2000,14,0
2000,14,0
2000,14,0
2000,14,0
2000,15,0
2000,15,0
2000,15,0
2000,15,0
2000,16,0
2000,16,0
2000,16,0
2000,16,0
2001,1,0
2001,1,0
2001,2,0
2001,2,0
2001,2,0
2001,3,0
2001,3,0
2001,3,0
2001,4,0
2001,4,0
2001,4,0
2001,4,0
2001,5,0
2001,5,0
2001,5,0
2001,5,0
2001,6,0
2001,6,0
2001,6,0
2001,6,0
2001,7,0
2001,7,0
2001,7,0
2001,7,0
2001,8,0
2001,8,0
2001,8,0
2001,8,0
2001,9,0
2001,9,0
2001,9,0
2001,9,0
2001,10,0
2001,10,0
2001,10,0
2001,10,0
2001,11,0
2001,11,0
2001,11,0
2001,11,0
2001,12,0
2001,12,0
2001,12,0
2001,12,0
2001,13,0
2001,13,0
2001,13,0
2001,13,0
2001,14,0
2001,14,0
2001,14,0
2001,14,0
2001,15,0
2001,15,0
2001,15,0
2001,15,0
2001,16,0
2001,16,0
2001,16,0
2001,16,0
2002,1,0
2002,1,0
2002,2,0
2002,2,0
2002,2,0
2002,3,0
2002,3,0
2002,3,0
2002,3,0
2002,4,0
2002,4,0
2002,4,0
2002,4,0
2002,5,0
2002,5,0
2002,5,0
2002,6,0
2002,6,0
2002,6,0
2002,6,0
2002,7,0
2002,7,0
2002,7,0
2002,7,0
2002,8,0
2002,8,0
2002,8,0
2002,8,0
2002,9,0
2002,9,0
2002,9,0
2002,9,0
2002,10,0
2002,10,0
2002,10,0
2002,10,0
2002,11,0
2002,11,0
2002,11,0
2002,11,0
2002,12,0
2002,12,0
2002,12,0
2002,12,0
2002,13,0
2002,13,0
2002,13,0
2002,13,0
2002,14,0
2002,14,0
2002,14,0
2002,14,0
2002,15,0
2002,15,0
2002,15,0
2002,15,0
2002,16,0
2002,16,0
2002,16,0
2002,16,0
2003,1,0
2003,1,0
2003,1,0
2003,2,0
2003,2,0
2003,2,0
2003,3,0
2003,3,0
2003,4,0
2003,4,0
2003,4,0
2003,4,0
2003,5,0
2003,5,0
2003,5,0
2003,5,0
2003,6,0
2003,6,0
2003,6,0
2003,6,0
2003,7,0
2003,7,0
2003,7,0
2003,7,0
2003,8,0
2003,8,0
2003,8,0
2003,8,0
2003,9,0
2003,9,0
2003,9,0
2003,9,0
2003,10,0
2003,10,0
2003,10,0
2003,10,0
2003,11,0
2003,11,0
2003,11,0
2003,11,0
2003,12,0
2003,12,0
2003,12,0
2003,12,0
2003,13,0
2003,13,0
2003,13,0
2003,13,0
2003,14,0
2003,14,0
2003,14,0
2003,14,0
2003,15,0
2003,15,0
2003,15,0
2003,15,0
2003,16,0
2003,16,0
2003,16,0
2003,16,0
2004,1,0
2004,1,0
2004,1,0
2004,2,0
2004,2,0
2004,3,0
2004,3,0
2004,3,0
2004,4,0
2004,4,0
2004,4,0
2004,4,0
2004,5,0
2004,5,0
2004,5,0
2004,5,0
2004,6,0
2004,6,0
2004,6,0
2004,6,0
2004,7,0
2004,7,0
2004,7,0
2004,7,0
2004,8,0
2004,8,0
2004,8,0
2004,8,0
2004,9,0
2004,9,0
2004,9,0
2004,9,0
2004,10,0
2004,10,0
2004,10,0
2004,10,0
2004,11,0
2004,11,0
2004,11,0
2004,11,0
2004,12,0
2004,12,0
2004,12,0
2004,12,0
2004,13,0
2004,13,0
2004,13,0
2004,13,0
2004,14,0
2004,14,0
2004,14,0
2004,14,0
2004,15,0
2004,15,0
2004,15,0
2004,15,0
2004,16,0
2004,16,0
2004,16,0
2004,16,0
2005,1,0
2005,1,0
2005,2,0
2005,2,0
2005,2,0
2005,2,0
2005,3,0
2005,3,0
2005,3,0
2005,3,0
2005,4,0
2005,4,0
2005,4,0
2005,5,0
2005,5,0
2005,5,0
2005,6,0
2005,6,0
2005,6,0
2005,6,0
2005,7,0
2005,7,0
2005,7,0
2005,7,0
2005,8,0
2005,8,0
2005,8,0
2005,8,0
2005,9,0
2005,9,0
2005,9,0
2005,9,0
2005,10,0
2005,10,0
2005,10,0
2005,10,0
2005,11,0
2005,11,0
2005,11,0
2005,11,0
2005,12,0
2005,12,0
2005,12,0
2005,12,0
2005,13,0
2005,13,0
2005,13,0
2005,13,0
2005,14,0
2005,14,0
2005,14,0
2005,14,0
2005,15,0
2005,15,0
2005,15,0
2005,15,0
2005,16,0
2005,16,0
2005,16,0
2005,16,0
2006,1,0
2006,1,0
2006,1,0
2006,1,0
2006,2,0
2006,2,0
2006,2,0
2006,3,0
2006,3,0
2006,3,0
2006,4,0
2006,4,0
2006,4,0
2006,5,0
2006,5,0
2006,5,0
2006,5,0
2006,6,0
2006,6,0
2006,6,0
2006,6,0
2006,7,0
2006,7,0
2006,7,0
2006,7,0
2006,8,0
2006,8,0
2006,8,0
2006,8,0
2006,9,0
2006,9,0
2006,9,0
2006,9,0
2006,10,0
2006,10,0
2006,10,0
2006,10,0
2006,11,0
2006,11,0
2006,11,0
2006,12,0
2006,12,0
2006,12,0
2006,12,0
2006,13,0
2006,13,0
2006,13,0
2006,13,0
2006,14,0
2006,14,0
2006,14,0
2006,14,0
2006,15,0
2006,15,0
2006,15,0
2006,15,0
2006,16,0
2006,16,0
2006,16,0
2006,16,0
2007,1,0
2007,1,0
2007,2,0
2007,2,0
2007,3,0
2007,3,0
2007,3,0
2007,3,0
2007,4,0
2007,4,0
2007,4,0
2007,4,0
2007,5,0
2007,5,0
2007,5,0
2007,5,0
2007,6,0
2007,6,0
2007,6,0
2007,6,0
2007,7,0
2007,7,0
2007,7,0
2007,7,0
2007,8,0
2007,8,0
2007,8,0
2007,8,0
2007,9,0
2007,9,0
2007,9,0
2007,9,0
2007,10,0
2007,10,0
2007,10,0
2007,10,0
2007,11,0
2007,11,0
2007,11,0
2007,11,0
2007,12,0
2007,12,0
2007,12,0
2007,12,0
2007,13,0
2007,13,0
2007,13,0
2007,13,0
2007,14,0
2007,14,0
2007,14,0
2007,14,0
2007,15,0
2007,15,0
2007,15,0
2007,15,0
2007,16,0
2007,16,0
2007,16,0
2007,16,0
2008,2,0
2008,2,0
2008,2,0
2008,2,0
2008,3,0
2008,3,0
2008,3,0
2008,3,0
2008,4,0
2008,4,0
2008,4,0
2008,4,0
2008,5,0
2008,5,0
2008,5,0
2008,5,0
2008,6,0
2008,6,0
2008,6,0
2008,6,0
2008,7,0
2008,7,0
2008,7,0
2008,7,0
2008,8,0
2008,8,0
2008,8,0
2008,8,0
2008,9,0
2008,9,0
2008,9,0
2008,9,0
2008,10,0
2008,10,0
2008,10,0
2008,10,0
2008,11,0
2008,11,0
2008,11,0
2008,11,0
2008,12,0
2008,12,0
2008,12,0
2008,12,0
2008,13,0
2008,13,0
2008,13,0
2008,13,0
2008,14,0
2008,14,0
2008,14,0
2008,14,0
2008,15,0
2008,15,0
2008,15,0
2008,15,0
2008,16,0
2008,16,0
2008,16,0
2008,16,0
2009,1,0
2009,1,0
2009,2,0
2009,2,0
2009,2,0
2009,3,0
2009,3,0
2009,3,0
2009,4,0
2009,4,0
2009,4,0
2009,4,0
2009,5,0
2009,5,0
2009,5,0
2009,5,0
2009,6,0
2009,6,0
2009,6,0
2009,6,0
2009,7,0
2009,7,0
2009,7,0
2009,7,0
2009,8,0
2009,8,0
2009,8,0
2009,8,0
2009,9,0
2009,9,0
2009,9,0
2009,9,0
2009,10,0
2009,10,0
2009,10,0
2009,10,0
2009,11,0
2009,11,0
2009,11,0
2009,11,0
2009,12,0
2009,12,0
2009,12,0
2009,12,0
2009,13,0
2009,13,0
2009,13,0
2009,13,0
2009,14,0
2009,14,0
2009,14,0
2009,14,0
2009,15,0
2009,15,0
2009,15,0
2009,15,0
2009,16,0
2009,16,0
2009,16,0
2009,16,0
2010,1,0
2010,1,0
2010,1,0
2010,2,0
2010,2,0
2010,2,0
2010,3,0
2010,3,0
2010,3,0
2010,3,0
2010,4,0
2010,4,0
2010,4,0
2010,4,0
2010,5,0
2010,5,0
2010,6,0
2010,6,0
2010,6,0
2010,6,0
2010,7,0
2010,7,0
2010,7,0
2010,7,0
2010,8,0
2010,8,0
2010,8,0
2010,8,0
2010,9,0
2010,9,0
2010,9,0
2010,9,0
2010,10,0
2010,10,0
2010,10,0
2010,10,0
2010,11,0
2010,11,0
2010,11,0
2010,11,0
2010,12,0
2010,12,0
2010,12,0
2010,12,0
2010,13,0
2010,13,0
2010,13,0
2010,13,0
2010,14,0
2010,14,0
2010,14,0
2010,14,0
2010,15,0
2010,15,0
2010,15,0
2010,15,0
2010,16,0
2010,16,0
2010,16,0
2010,16,0
2011,1,0
2011,1,0
2011,1,0
2011,1,0
2011,2,0
2011,2,0
2011,2,0
2011,2,0
2011,3,0
2011,3,0
2011,3,0
2011,4,0
2011,4,0
2011,4,0
2011,5,0
2011,5,0
2011,5,0
2011,5,0
2011,6,0
2011,6,0
2011,6,0
2011,6,0
2011,7,0
2011,7,0
2011,7,0
2011,7,0
2011,8,0
2011,8,0
2011,8,0
2011,9,0
2011,9,0
2011,9,0
2011,9,0
2011,10,0
2011,10,0
2011,10,0
2011,10,0
2011,11,0
2011,11,0
2011,11,0
2011,12,0
2011,12,0
2011,12,0
2011,12,0
2011,13,0
2011,13,0
2011,13,0
2011,13,0
2011,14,0
2011,14,0
2011,14,0
2011,14,0
2011,15,0
2011,15,0
2011,15,0
2011,15,0
2011,16,0
2011,16,0
2011,16,0
2011,16,0
2012,1,0
2012,1,0
2012,1,0
2012,2,0
2012,2,0
2012,3,0
2012,3,0
2012,3,0
2012,3,0
2012,4,0
2012,4,0
2012,4,0
2012,5,0
2012,5,0
2012,5,0
2012,5,0
2012,6,0
2012,6,0
2012,6,0
2012,6,0
2012,7,0
2012,7,0
2012,7,0
2012,7,0
2012,8,0
2012,8,0
2012,8,0
2012,8,0
2012,9,0
2012,9,0
2012,9,0
2012,9,0
2012,10,0
2012,10,0
2012,10,0
2012,10,0
2012,11,0
2012,11,0
2012,11,0
2012,11,0
2012,12,0
2012,12,0
2012,12,0
2012,12,0
2012,13,0
2012,13,0
2012,13,0
2012,13,0
2012,14,0
2012,14,0
2012,14,0
2012,14,0
2012,15,0
2012,15,0
2012,15,0
2012,15,0
2012,16,0
2012,16,0
2012,16,0
2012,16,0
2013,1,0
2013,1,0
2013,1,0
2013,2,0
2013,2,0
2013,2,0
2013,2,0
2013,3,0
2013,3,0
2013,3,0
2013,3,0
2013,4,0
2013,4,0
2013,5,0
2013,5,0
2013,5,0
2013,5,0
2013,6,0
2013,6,0
2013,6,0
2013,6,0
2013,7,0
2013,7,0
2013,7,0
2013,7,0
2013,8,0
2013,8,0
2013,8,0
2013,8,0
2013,9,0
2013,9,0
2013,9,0
2013,10,0
2013,10,0
2013,10,0
2013,10,0
2013,11,0
2013,11,0
2013,11,0
2013,11,0
2013,12,0
2013,12,0
2013,12,0
2013,12,0
2013,13,0
2013,13,0
2013,13,0
2013,13,0
2013,14,0
2013,14,0
2013,14,0
2013,14,0
2013,15,0
2013,15,0
2013,15,0
2013,15,0
2013,16,0
2013,16,0
2013,16,0
2013,16,0
2014,1,0
2014,1,0
2014,1,0
2014,2,0
2014,2,0
2014,2,0
2014,3,0
2014,3,0
2014,3,0
2014,3,0
2014,4,0
2014,4,0
2014,4,0
2014,4,0
2014,5,0
2014,5,0
2014,5,0
2014,5,0
2014,6,0
2014,6,0
2014,6,0
2014,6,0
2014,7,0
2014,7,0
2014,7,0
2014,8,0
2014,8,0
2014,8,0
2014,9,0
2014,9,0
2014,9,0
2014,9,0
2014,10,0
2014,10,0
2014,10,0
2014,10,0
2014,11,0
2014,11,0
2014,11,0
2014,11,0
2014,12,0
2014,12,0
2014,12,0
2014,12,0
2014,13,0
2014,13,0
2014,13,0
2014,13,0
2014,14,0
2014,14,0
2014,14,0
2014,14,0
2014,15,0
2014,15,0
2014,15,0
2014,15,0
2014,16,0
2014,16,0
2014,16,0
2014,16,0
2015,1,0
2015,2,0
2015,2,0
2015,2,0
2015,2,0
2015,3,0
2015,3,0
2015,3,0
2015,3,0
2015,4,0
2015,4,0
2015,4,0
2015,4,0
2015,5,0
2015,5,0
2015,5,0
2015,5,0
2015,6,0
2015,6,0
2015,6,0
2015,6,0
2015,7,0
2015,7,0
2015,7,0
2015,8,0
2015,8,0
2015,8,0
2015,8,0
2015,9,0
2015,9,0
2015,9,0
2015,9,0
2015,10,0
2015,10,0
2015,10,0
2015,10,0
2015,11,0
2015,11,0
2015,11,0
2015,11,0
2015,12,0
2015,12,0
2015,12,0
2015,12,0
2015,13,0
2015,13,0
2015,13,0
2015,13,0
2015,14,0
2015,14,0
2015,14,0
2015,14,0
2015,15,0
2015,15,0
2015,15,0
2015,15,0
2015,16,0
2015,16,0
2015,16,0
2015,16,0
2016,1,0
2016,1,0
2016,1,0
2016,2,0
2016,2,0
2016,3,0
2016,3,0
2016,3,0
2016,3,0
2016,4,0
2016,4,0
2016,4,0
2016,4,0
2016,5,0
2016,5,0
2016,5,0
2016,5,0
2016,6,0
2016,6,0
2016,6,0
2016,6,0
2016,7,0
2016,7,0
2016,7,0
2016,7,0
2016,8,0
2016,8,0
2016,8,0
2016,8,0
2016,9,0
2016,9,0
2016,9,0
2016,9,0
2016,10,0
2016,10,0
2016,10,0
2016,11,0
2016,11,0
2016,11,0
2016,11,0
2016,12,0
2016,12,0
2016,12,0
2016,12,0
2016,13,0
2016,13,0
2016,13,0
2016,13,0
2016,14,0
2016,14,0
2016,14,0
2016,14,0
2016,15,0
2016,15,0
2016,15,0
2016,15,0
2016,16,0
2016,16,0
2016,16,0
2016,16,0
2017,1,0
2017,1,0
2017,2,0
2017,2,0
2017,2,0
2017,2,0
2017,3,0
2017,3,0
2017,3,0
2017,4,0
2017,4,0
2017,4,0
2017,4,0
2017,5,0
2017,5,0
2017,5,0
2017,5,0
2017,6,0
2017,6,0
2017,6,0
2017,6,0
2017,7,0
2017,7,0
2017,7,0
2017,8,0
2017,8,0
2017,8,0
2017,8,0
2017,9,0
2017,9,0
2017,9,0
2017,9,0
2017,10,0
2017,10,0
2017,10,0
2017,10,0
2017,11,0
2017,11,0
2017,11,0
2017,11,0
2017,12,0
2017,12,0
2017,12,0
2017,12,0
2017,13,0
2017,13,0
2017,13,0
2017,13,0
2017,14,0
2017,14,0
2017,14,0
2017,14,0
2017,15,0
2017,15,0
2017,15,0
2017,15,0
2017,16,0
2017,16,0
2017,16,0
2017,16,0
